{
  "name": "angular-animate",
  "version": "1.6.0",
  "license": "MIT",
  "main": "./angular-animate.js",
  "ignore": [],
  "dependencies": {
    "angular": "1.6.0"
  },
  "homepage": "https://github.com/angular/bower-angular-animate",
  "_release": "1.6.0",
  "_resolution": {
    "type": "version",
    "tag": "v1.6.0",
    "commit": "08d3097994769c8e63c6c42b4076bd13c5e7fbf0"
  },
  "_source": "https://github.com/angular/bower-angular-animate.git",
  "_target": "^1.4.8",
  "_originalSource": "angular-animate"
}