{
  "name": "angular-aria",
  "version": "1.6.0",
  "license": "MIT",
  "main": "./angular-aria.js",
  "ignore": [],
  "dependencies": {
    "angular": "1.6.0"
  },
  "homepage": "https://github.com/angular/bower-angular-aria",
  "_release": "1.6.0",
  "_resolution": {
    "type": "version",
    "tag": "v1.6.0",
    "commit": "da5f23bc2baaf435d9dbee2b61f58c2485918236"
  },
  "_source": "https://github.com/angular/bower-angular-aria.git",
  "_target": "^1.4.8",
  "_originalSource": "angular-aria"
}