{
  "name": "angular-messages",
  "version": "1.6.0",
  "license": "MIT",
  "main": "./angular-messages.js",
  "ignore": [],
  "dependencies": {
    "angular": "1.6.0"
  },
  "homepage": "https://github.com/angular/bower-angular-messages",
  "_release": "1.6.0",
  "_resolution": {
    "type": "version",
    "tag": "v1.6.0",
    "commit": "d839cedfea5d4ce49a43459215af210d1bb81e5f"
  },
  "_source": "https://github.com/angular/bower-angular-messages.git",
  "_target": "^1.4.8",
  "_originalSource": "angular-messages"
}